texte,href,title
Главная,https://rutracker.org/forum/index.php,
Трекер,https://rutracker.org/forum/tracker.php,
Поиск,https://rutracker.org/forum/search.php,
Группы,https://rutracker.org/forum/groupcp.php,
FAQ,https://rutracker.wiki/,
VPN,https://rutracker.org/forum/viewtopic.php?t=6661913,
Правила,https://rutracker.org/forum/viewtopic.php?t=1045,
Донаты,https://rutracker.org/forum/viewtopic.php?t=6452965,
Регистрация,https://rutracker.org/forum/profile.php?mode=register,
Вход,https://rutracker.org/forum/profile.php?mode=register#,
Забыли имя или пароль?,https://rutracker.org/forum/profile.php?mode=sendpassword,
читать на wiki,http://rutracker.wiki/%D0%9F%D1%80%D0%B0%D0%B2%D0%B8%D0%BB%D0%B0,
Нововведения форума и трекера,https://rutracker.org/forum/viewtopic.php?t=1437848,
Администратору,https://rutracker.org/forum/groupcp.php?g=104792,
Администраторов,https://rutracker.org/forum/groupcp.php?g=104792,
Модераторов,https://rutracker.org/forum/groupcp.php?g=104787,
Модераторы,https://rutracker.org/forum/groupcp.php?g=104787,
Администраторы,https://rutracker.org/forum/groupcp.php?g=104792,
Модератора,https://rutracker.org/forum/groupcp.php?g=104787,
Администратора,https://rutracker.org/forum/groupcp.php?g=104792,
Модератора,https://rutracker.org/forum/groupcp.php?g=104787,
Модератору,https://rutracker.org/forum/groupcp.php?g=104787,
Модератором,https://rutracker.org/forum/groupcp.php?g=104787,
Администратору,https://rutracker.org/forum/groupcp.php?g=104792,
Администратор,https://rutracker.org/forum/groupcp.php?g=104792,
Модератора,https://rutracker.org/forum/groupcp.php?g=104787,
Администратора,https://rutracker.org/forum/groupcp.php?g=104792,
Модератором,https://rutracker.org/forum/groupcp.php?g=104787,
разъяснение,https://rutracker.wiki/FAQ_%D0%BF%D0%BE_%D0%BE%D0%B1%D1%89%D0%B8%D0%BC_%D0%B2%D0%BE%D0%BF%D1%80%D0%BE%D1%81%D0%B0%D0%BC_%D0%BF%D0%BE_%D1%84%D0%BE%D1%80%D1%83%D0%BC%D1%83_%D0%B8_%D1%82%D1%80%D0%B5%D0%BA%D0%B5%D1%80%D1%83#.D0.9A.D0.B0.D0.BA_.D1.83.D0.B4.D0.B0.D0.BB.D0.B8.D1.82.D1.8C_.D1.81.D0.B2.D0.BE.D1.8E_.D1.80.D0.B0.D0.B7.D0.B4.D0.B0.D1.87.D1.83.3F,
Модератор,https://rutracker.org/forum/groupcp.php?g=104787,
Администратор,https://rutracker.org/forum/groupcp.php?g=104792,
Модераторы,https://rutracker.org/forum/groupcp.php?g=104787,
Модератор,https://rutracker.org/forum/groupcp.php?g=104787,
VIP,https://rutracker.org/forum/groupcp.php?g=6,
Модераторы,https://rutracker.org/forum/groupcp.php?g=104787,
Модератор,https://rutracker.org/forum/groupcp.php?g=104787,
Модератор,https://rutracker.org/forum/groupcp.php?g=104787,
Модератор,https://rutracker.org/forum/groupcp.php?g=104787,
Администратором,https://rutracker.org/forum/groupcp.php?g=104792,
Техническая помощь,https://rutracker.org/forum/groupcp.php?g=104841,
Условия использования,https://rutracker.org/forum/info.php?show=user_agreement,
Реклама на сайте,https://rutracker.org/forum/info.php?show=advert,
Для правообладателей,https://rutracker.org/forum/info.php?show=copyright_holders,
Для прессы,https://rutracker.org/forum/info.php?show=press,
Для провайдеров,https://rutracker.org/forum/viewtopic.php?t=2234744,
Торрентопедия,https://rutracker.wiki/,
Правила,https://rutracker.org/forum/viewtopic.php?t=1045,
Кому задать вопрос,https://rutracker.org/go/8,
Авторские раздачи,https://rutracker.org/forum/viewforum.php?f=1538,
Конкурсы,https://rutracker.org/forum/viewforum.php?f=1289,
"Новости ""Хранителей"" и ""Антикваров""",https://rutracker.org/forum/viewforum.php?f=2332,
Случайная раздача,https://rutracker.org/forum/profile.php?mode=register#,
Администрация,https://rutracker.org/forum/groupcp.php?g=104792,
Модераторы,https://rutracker.org/forum/groupcp.php?g=104787,
Тех. помощь,https://rutracker.org/forum/groupcp.php?g=104841,
Telegram-канал,https://t.me/rutracker_news,
